{
  "overlap_count": 43,
  "decade_agreement_pct": 67.44186046511628,
  "avg_year_diff": 3.627906976744186,
  "max_year_diff": 19,
  "ocr_disagreements": 0
}